segment_id,zone_id,subzone_id,length_m,slope,drop_m,downstream_id,upstream_ids
P2_sub33,P2,P2_sub33,3375.56,0.012576,42.45,P2_sub13,
P2_sub40,P2,P2_sub40,11334.94,0.013192,149.53,P2_sub13,
P2_sub43,P2,P2_sub43,13669.51,0.019382,264.94,P2_sub13,
P2_sub48,P2,P2_sub48,10088.02,0.012144,122.51,P2_sub13,
P2_sub52,P2,P2_sub52,7050.35,0.010709,75.50,P2_sub13,
P2_sub60,P2,P2_sub60,431.19,0.035815,15.44,P2_sub39,
P2_sub13,P2,P2_sub13,9209.63,0.065085,599.41,P2_sub10,P2_sub33;P2_sub40;P2_sub43;P2_sub48;P2_sub52
P2_sub39,P2,P2_sub39,4633.80,0.072524,336.06,P2_sub20,P2_sub60
P2_sub41,P2,P2_sub41,9097.00,0.065616,596.91,P2_sub10,
P2_sub49,P2,P2_sub49,8009.36,0.068581,549.29,P2_sub10,
P2_sub55,P2,P2_sub55,112.63,0.072382,8.15,P2_sub28,
P2_sub59,P2,P2_sub59,656.45,0.142227,93.37,P2_sub27,
P2_sub63,P2,P2_sub63,4952.36,0.071561,354.40,P2_sub10,
P2_sub10,P2,P2_sub10,4548.50,0.062843,285.84,P2_sub8,P2_sub13;P2_sub41;P2_sub49;P2_sub63
P2_sub20,P2,P2_sub20,3666.79,0.048641,178.35,P2_sub8,P2_sub39
P2_sub27,P2,P2_sub27,2738.43,0.047548,130.21,P2_sub8,P2_sub59
P2_sub28,P2,P2_sub28,7943.38,0.043532,345.79,P2_sub16,P2_sub55
P2_sub8,P2,P2_sub8,1293.58,0.048233,62.39,P2_sub7,P2_sub10;P2_sub20;P2_sub27
P2_sub16,P2,P2_sub16,11175.66,0.059317,662.91,P2_sub14,P2_sub28
P2_sub44,P2,P2_sub44,3705.44,0.208148,771.28,P2_sub25,
P2_sub61,P2,P2_sub61,5029.66,0.112653,566.60,P2_sub21,
P2_sub62,P2,P2_sub62,10379.25,0.063869,662.91,P2_sub14,
P2_sub7,P2,P2_sub7,9077.67,0.080081,726.95,P2_sub6,P2_sub8
P2_sub14,P2,P2_sub14,10118.66,0.077606,785.27,P2_sub6,P2_sub16;P2_sub62
P2_sub21,P2,P2_sub21,3958.03,0.074331,294.20,P2_sub15,P2_sub61
P2_sub25,P2,P2_sub25,6910.39,0.102510,708.39,P2_sub6,P2_sub44
P2_sub32,P2,P2_sub32,4537.18,0.203939,925.31,P2_sub24,
P2_sub35,P2,P2_sub35,5721.44,0.092578,529.68,P2_sub15,
P2_sub51,P2,P2_sub51,9360.90,0.073327,686.40,P2_sub22,
P2_sub54,P2,P2_sub54,4762.44,0.139940,666.46,P2_sub6,
P2_sub58,P2,P2_sub58,2963.69,0.080418,238.33,P2_sub22,
P2_sub6,P2,P2_sub6,2062.66,0.045547,93.95,P2_sub5,P2_sub7;P2_sub14;P2_sub25;P2_sub54
P2_sub15,P2,P2_sub15,609.80,0.012903,7.87,P2_sub11,P2_sub21;P2_sub35
P2_sub22,P2,P2_sub22,5806.74,0.112006,650.39,P2_sub5,P2_sub51;P2_sub58
P2_sub24,P2,P2_sub24,543.82,0.005824,3.17,P2_sub17,P2_sub32
P2_sub31,P2,P2_sub31,5286.93,0.051828,274.01,P2_sub11,
P2_sub34,P2,P2_sub34,112.63,0.003971,0.45,P2_sub30,
P2_sub36,P2,P2_sub36,5784.10,0.115058,665.51,P2_sub19,
P2_sub38,P2,P2_sub38,1359.55,0.013370,18.18,P2_sub29,
P2_sub46,P2,P2_sub46,4630.48,0.057050,264.17,P2_sub11,
P2_sub53,P2,P2_sub53,3468.86,0.113691,394.38,P2_sub19,
P2_sub56,P2,P2_sub56,1790.75,0.032853,58.83,P2_sub5,
P2_sub5,P2,P2_sub5,1996.68,0.011295,22.55,P2_sub4,P2_sub6;P2_sub22;P2_sub56
P2_sub11,P2,P2_sub11,11862.76,0.088036,1044.35,P2_sub4,P2_sub15;P2_sub31;P2_sub46
P2_sub17,P2,P2_sub17,5372.24,0.000235,1.26,P2_sub12,P2_sub24
P2_sub19,P2,P2_sub19,1942.02,0.325027,631.21,P2_sub18,P2_sub36;P2_sub53
P2_sub26,P2,P2_sub26,225.26,0.132968,29.95,P2_sub23,
P2_sub29,P2,P2_sub29,5710.12,0.097590,557.25,P2_sub4,P2_sub38
P2_sub30,P2,P2_sub30,2672.45,0.000220,0.59,P2_sub12,P2_sub34
P2_sub45,P2,P2_sub45,10887.74,0.095148,1035.94,P2_sub4,
P2_sub47,P2,P2_sub47,4397.22,0.000244,1.07,P2_sub12,
P3_sub33,P3,P3_sub33,2540.50,0.095477,242.56,P3_sub28,
P2_sub4,P2,P2_sub4,881.71,0.027544,24.29,P2_sub3,P2_sub5;P2_sub11;P2_sub29;P2_sub45
P2_sub12,P2,P2_sub12,3779.42,0.029029,109.71,P2_sub9,P2_sub17;P2_sub30;P2_sub47
P2_sub18,P2,P2_sub18,112.63,-0.002918,-0.33,P2_sub3,P2_sub19
P2_sub23,P2,P2_sub23,1988.67,0.055621,110.61,P2_sub9,P2_sub26
P2_sub42,P2,P2_sub42,722.43,0.075784,54.75,P2_sub9,
P3_sub28,P3,P3_sub28,497.17,0.030972,15.40,P3_sub23,P3_sub33
P3_sub48,P3,P3_sub48,112.63,0.111136,12.52,P3_sub23,
P2_sub3,P2,P2_sub3,112.63,0.043908,4.95,P2_sub2,P2_sub4;P2_sub18
P2_sub9,P2,P2_sub9,11552.20,0.098658,1139.72,P2_sub2,P2_sub12;P2_sub23;P2_sub42
P2_sub50,P2,P2_sub50,8044.69,0.118367,952.23,P2_sub2,
P2_sub57,P2,P2_sub57,3048.99,0.266178,811.57,P2_sub37,
P3_sub23,P3,P3_sub23,4117.31,0.036754,151.33,P3_sub21,P3_sub28;P3_sub48
P3_sub42,P3,P3_sub42,431.19,0.000000,0.00,P3_sub21,
P2_sub2,P2,P2_sub2,3872.72,0.005038,19.51,P2_sub1,P2_sub3;P2_sub9;P2_sub50
P2_sub37,P2,P2_sub37,1425.53,0.006983,9.95,P2_sub1,P2_sub57
P3_sub21,P3,P3_sub21,477.84,-0.002546,-1.22,P3_sub19,P3_sub23;P3_sub42
P3_sub46,P3,P3_sub46,2109.31,0.135504,285.82,P3_sub36,
P2_sub1,P2,P2_sub1,4886.39,0.009509,46.46,P3_sub10,P2_sub2;P2_sub37
P3_sub19,P3,P3_sub19,3402.88,0.000358,1.22,P3_sub17,P3_sub21
P3_sub31,P3,P3_sub31,2307.24,0.011776,27.17,P3_sub10,
P3_sub36,P3,P3_sub36,769.08,0.015808,12.16,P3_sub10,P3_sub46
P3_sub51,P3,P3_sub51,60935.30,0.005759,350.95,P3_sub40,
P3_sub10,P3,P3_sub10,2016.00,0.005026,10.13,P3_sub9,P2_sub1;P3_sub31;P3_sub36
P3_sub17,P3,P3_sub17,3328.90,0.000000,0.00,P3_sub16,P3_sub19
P3_sub37,P3,P3_sub37,112.63,0.032363,3.65,P3_sub26,
P3_sub40,P3,P3_sub40,2427.87,0.000000,0.00,P3_sub16,P3_sub51
P3_sub47,P3,P3_sub47,4521.17,0.151271,683.92,P3_sub24,
P3_sub9,P3,P3_sub9,815.73,-0.000646,-0.53,P3_sub8,P3_sub10
P3_sub16,P3,P3_sub16,8701.14,0.104111,905.88,P3_sub13,P3_sub17;P3_sub40
P3_sub24,P3,P3_sub24,5484.86,0.018345,100.62,P3_sub20,P3_sub47
P3_sub26,P3,P3_sub26,6553.18,0.019361,126.88,P3_sub20,P3_sub37
P3_sub41,P3,P3_sub41,3919.38,0.187366,734.36,P3_sub29,
P3_sub43,P3,P3_sub43,2579.15,0.013916,35.89,P3_sub20,
P3_sub8,P3,P3_sub8,3375.56,0.003798,12.82,P3_sub7,P3_sub9
P3_sub13,P3,P3_sub13,3600.81,0.050720,182.63,P3_sub12,P3_sub16
P3_sub20,P3,P3_sub20,2353.89,0.006128,14.43,P3_sub18,P3_sub24;P3_sub26;P3_sub43
P3_sub29,P3,P3_sub29,2474.52,0.029108,72.03,P3_sub25,P3_sub41
P3_sub39,P3,P3_sub39,1538.16,-0.000606,-0.93,P3_sub7,
P3_sub45,P3,P3_sub45,994.34,0.001096,1.09,P3_sub7,
P3_sub7,P3,P3_sub7,8401.90,0.006571,55.21,P3_sub6,P3_sub8;P3_sub39;P3_sub45
P3_sub12,P3,P3_sub12,3282.25,0.005685,18.66,P3_sub6,P3_sub13
P3_sub18,P3,P3_sub18,1950.03,0.003495,6.82,P3_sub15,P3_sub20
P3_sub25,P3,P3_sub25,3328.90,0.042021,139.88,P3_sub22,P3_sub29
P3_sub30,P3,P3_sub30,6646.49,0.009065,60.25,P3_sub15,
P3_sub34,P3,P3_sub34,4894.39,0.006333,31.00,P3_sub15,
P3_sub35,P3,P3_sub35,5795.42,0.005812,33.68,P3_sub6,
P3_sub6,P3,P3_sub6,4894.39,0.004063,19.89,P3_sub5,P3_sub7;P3_sub12;P3_sub35
P3_sub15,P3,P3_sub15,271.91,0.004667,1.27,P3_sub14,P3_sub18;P3_sub30;P3_sub34
P3_sub22,P3,P3_sub22,4125.31,0.004014,16.56,P3_sub5,P3_sub25
P3_sub44,P3,P3_sub44,2653.13,0.004674,12.40,P3_sub5,
P3_sub5,P3,P3_sub5,6319.92,0.002419,15.29,P3_sub4,P3_sub6;P3_sub22;P3_sub44
P3_sub14,P3,P3_sub14,4529.17,0.003954,17.91,P3_sub11,P3_sub15
P3_sub32,P3,P3_sub32,4575.83,0.003994,18.28,P3_sub11,
P3_sub38,P3,P3_sub38,2439.19,0.012865,31.38,P3_sub27,
P3_sub4,P3,P3_sub4,2447.20,0.002024,4.95,P3_sub3,P3_sub5
P3_sub11,P3,P3_sub11,881.71,0.000977,0.86,P3_sub3,P3_sub14;P3_sub32
P3_sub27,P3,P3_sub27,6432.55,0.005937,38.19,P3_sub3,P3_sub38
P3_sub49,P3,P3_sub49,225.26,0.015709,3.54,P3_sub3,
P3_sub3,P3,P3_sub3,5465.54,0.001271,6.95,P3_sub2,P3_sub4;P3_sub11;P3_sub27;P3_sub49
P3_sub50,P3,P3_sub50,1472.18,0.000176,0.26,P3_sub2,
P1_sub10,P1,P1_sub10,1565.49,0.019829,31.04,P1_sub4,
P3_sub2,P3,P3_sub2,5531.52,0.001599,8.84,P3_sub1,P3_sub3;P3_sub50
P4_sub8,P4,P4_sub8,5484.86,0.001584,8.69,P4_sub4,
P1_sub4,P1,P1_sub4,1153.62,0.006401,7.38,P1_sub3,P1_sub10
P3_sub1,P3,P3_sub1,5111.64,0.000861,4.40,P4_sub3,P3_sub2
P4_sub4,P4,P4_sub4,159.28,0.002075,0.33,P4_sub3,P4_sub8
P1_sub3,P1,P1_sub3,6273.27,0.049347,309.57,P1_sub2,P1_sub4
P1_sub5,P1,P1_sub5,5278.93,0.053278,281.25,P1_sub2,
P1_sub6,P1,P1_sub6,5119.65,0.053777,275.32,P1_sub2,
P1_sub8,P1,P1_sub8,2016.00,0.070680,142.49,P1_sub2,
P1_sub9,P1,P1_sub9,3290.26,0.120670,397.03,P1_sub7,
P4_sub3,P4,P4_sub3,7574.85,0.001032,7.82,P4_sub2,P3_sub1;P4_sub4
P4_sub7,P4,P4_sub7,7629.50,0.006407,48.89,P4_sub5,
P4_sub10,P4,P4_sub10,3422.21,0.001423,4.87,P4_sub2,
P1_sub2,P1,P1_sub2,3760.10,0.022342,84.01,P1_sub1,P1_sub3;P1_sub5;P1_sub6;P1_sub8
P1_sub7,P1,P1_sub7,2831.73,0.026871,76.09,P1_sub1,P1_sub9
P4_sub2,P4,P4_sub2,14446.59,0.000900,13.00,P4_sub1,P4_sub3;P4_sub10
P4_sub5,P4,P4_sub5,12815.13,0.000806,10.33,P4_sub1,P4_sub7
P4_sub6,P4,P4_sub6,7236.96,0.000810,5.86,P4_sub1,
P4_sub9,P4,P4_sub9,4789.77,0.000255,1.22,P4_sub1,
P1_sub1,P1,P1_sub1,159.28,0.000000,0.00,,P1_sub2;P1_sub7
P4_sub1,P4,P4_sub1,159.28,0.000000,0.00,,P4_sub2;P4_sub5;P4_sub6;P4_sub9
