Timestamp,降雨强度_毫米每小时
2023-01-01 00:00:00,1.1718623720625962
2023-01-01 01:00:00,1.478657017483018
2023-01-01 02:00:00,1.2675271100500871
2023-01-01 03:00:00,0.9253040314491476
2023-01-01 04:00:00,0.4505646885043035
2023-01-01 05:00:00,0.06499364326958564
2023-01-01 06:00:00,0.06328004776329517
2023-01-01 07:00:00,0.0
2023-01-01 08:00:00,0.0
2023-01-01 09:00:00,0.18855727696154875
2023-01-01 10:00:00,0.029210822179404898
2023-01-01 11:00:00,0.0
2023-01-01 12:00:00,0.0
2023-01-01 13:00:00,0.0
2023-01-01 14:00:00,0.014073677983263139
2023-01-01 15:00:00,0.0425469910904394
2023-01-01 16:00:00,0.06399679133496991
2023-01-01 17:00:00,0.0
2023-01-01 18:00:00,0.0
2023-01-01 19:00:00,0.0
2023-01-01 20:00:00,0.0
2023-01-01 21:00:00,0.0
2023-01-01 22:00:00,0.0
2023-01-01 23:00:00,0.02430011315099642
2023-01-02 00:00:00,0.058741377357644765
2023-01-02 01:00:00,0.09795082062708964
2023-01-02 02:00:00,0.0058273334306127005
2023-01-02 03:00:00,0.054200978671492185
2023-01-02 04:00:00,0.0
2023-01-02 05:00:00,0.01146904237244937
2023-01-02 06:00:00,0.00606162969743092
2023-01-02 07:00:00,0.01160746886597442
2023-01-02 08:00:00,0.03041616619849095
2023-01-02 09:00:00,0.0
2023-01-02 10:00:00,0.0
2023-01-02 11:00:00,0.0
2023-01-02 12:00:00,0.0
2023-01-02 13:00:00,0.04574354922146785
2023-01-02 14:00:00,0.0
2023-01-02 15:00:00,0.0
2023-01-02 16:00:00,0.0
2023-01-02 17:00:00,0.0
2023-01-02 18:00:00,0.0
2023-01-02 19:00:00,0.0
2023-01-02 20:00:00,0.0
2023-01-02 21:00:00,0.0
2023-01-02 22:00:00,0.0
2023-01-02 23:00:00,0.0
2023-01-03 00:00:00,0.01448766193046828
2023-01-03 01:00:00,0.0
2023-01-03 02:00:00,0.0
2023-01-03 03:00:00,0.11121137433069368
2023-01-03 04:00:00,0.21216286591767092
2023-01-03 05:00:00,0.45168921679925456
2023-01-03 06:00:00,0.787763650550848
2023-01-03 07:00:00,1.3609264709969668
2023-01-03 08:00:00,2.355971899822515
2023-01-03 09:00:00,2.567678409408784
2023-01-03 10:00:00,3.28659526642817
2023-01-03 11:00:00,2.646067289208241
2023-01-03 12:00:00,2.253010656571401
2023-01-03 13:00:00,2.934001188168626
2023-01-03 14:00:00,2.330821554299352
2023-01-03 15:00:00,1.8184026485031375
2023-01-03 16:00:00,1.893093583361892
2023-01-03 17:00:00,1.6815529620743228
2023-01-03 18:00:00,1.35659751925193
2023-01-03 19:00:00,1.6175224167228914
2023-01-03 20:00:00,1.2377653911360544
2023-01-03 21:00:00,0.9864699651949049
2023-01-03 22:00:00,1.3721693027668906
2023-01-03 23:00:00,1.8121405404919764
2023-01-04 00:00:00,1.9332337005388585
2023-01-04 01:00:00,1.7398475279524952
2023-01-04 02:00:00,0.771695810028085
2023-01-04 03:00:00,0.382535897783759
2023-01-04 04:00:00,0.08624411424785053
2023-01-04 05:00:00,0.0908546356881631
2023-01-04 06:00:00,0.0
2023-01-04 07:00:00,0.0
2023-01-04 08:00:00,0.0
2023-01-04 09:00:00,0.03867110025956068
2023-01-04 10:00:00,0.0
2023-01-04 11:00:00,0.0
2023-01-04 12:00:00,0.17422232157029652
2023-01-04 13:00:00,0.04521238056752601
2023-01-04 14:00:00,0.2287297815287123
2023-01-04 15:00:00,0.2214825492438009
2023-01-04 16:00:00,0.38132588947670076
2023-01-04 17:00:00,0.5595388226203396
2023-01-04 18:00:00,0.6577390213900912
2023-01-04 19:00:00,0.769256670888951
2023-01-04 20:00:00,0.6599947242790167
2023-01-04 21:00:00,0.2149890864522917
2023-01-04 22:00:00,0.604913907744414
2023-01-04 23:00:00,0.7473499546542898
2023-01-05 00:00:00,0.7427027127145479
2023-01-05 01:00:00,0.17285638541991233
2023-01-05 02:00:00,0.4849853325707877
2023-01-05 03:00:00,0.3615918169161152
2023-01-05 04:00:00,0.1875170810679615
2023-01-05 05:00:00,0.27571764910746366
2023-01-05 06:00:00,0.19718462519728477
2023-01-05 07:00:00,0.22737434416634233
2023-01-05 08:00:00,0.10353517539174091
2023-01-05 09:00:00,0.0
2023-01-05 10:00:00,0.0782512145770741
2023-01-05 11:00:00,0.00403454416076934
2023-01-05 12:00:00,0.00509470728770718
2023-01-05 13:00:00,0.033336837756474655
2023-01-05 14:00:00,0.2742578613130458
2023-01-05 15:00:00,0.19313633395955443
2023-01-05 16:00:00,0.273579647776643
2023-01-05 17:00:00,0.10031069041208193
2023-01-05 18:00:00,0.3096872483039991
2023-01-05 19:00:00,0.5090167795869615
2023-01-05 20:00:00,0.7003830771241233
2023-01-05 21:00:00,0.134860239525928
2023-01-05 22:00:00,0.4265168558717999
2023-01-05 23:00:00,0.15472926952690763
