Step,File,Path,Type
01_DEM处理,1.1_dem_elevation.png,step_01_dem_processing/1.1_dem_elevation.png,PNG
01_DEM处理,1.2_flow_direction.png,step_01_dem_processing/1.2_flow_direction.png,PNG
01_DEM处理,1.3_flow_accumulation.png,step_01_dem_processing/1.3_flow_accumulation.png,PNG
01_DEM处理,1.4_slope_map.png,step_01_dem_processing/1.4_slope_map.png,PNG
01_DEM处理,1.5_terrain_statistics.csv,step_01_dem_processing/1.5_terrain_statistics.csv,CSV
02_汇水点生成,2.1_pour_points.geojson,step_02_pour_points/2.1_pour_points.geojson,GEOJSON
02_汇水点生成,2.2_pour_points_table.csv,step_02_pour_points/2.2_pour_points_table.csv,CSV
02_汇水点生成,2.3_pour_points_map.png,step_02_pour_points/2.3_pour_points_map.png,PNG
03_参数分区和子流域划分,3.2_parameter_subbasins.geojson,step_03_zones_subbasins/3.2_parameter_subbasins.geojson,GEOJSON
03_参数分区和子流域划分,3.3_channel_network.geojson,step_03_zones_subbasins/3.3_channel_network.geojson,GEOJSON
03_参数分区和子流域划分,3.4_subzone_statistics.csv,step_03_zones_subbasins/3.4_subzone_statistics.csv,CSV
03_参数分区和子流域划分,3.5_subbasin_map.png,step_03_zones_subbasins/3.5_subbasin_map.png,PNG
03_参数分区和子流域划分,3.6_parameter_zones_map.png,step_03_zones_subbasins/3.6_parameter_zones_map.png,PNG
03_参数分区和子流域划分,3.7_channel_network_map.png,step_03_zones_subbasins/3.7_channel_network_map.png,PNG
04_河道断面提取,4.1_41_cross_sections.csv,step_04_cross_sections/4.1_41_cross_sections.csv,CSV
04_河道断面提取,4.1_50_cross_sections.csv,step_04_cross_sections/4.1_50_cross_sections.csv,CSV
04_河道断面提取,4.1_55_cross_sections.csv,step_04_cross_sections/4.1_55_cross_sections.csv,CSV
04_河道断面提取,4.1_35_cross_sections.csv,step_04_cross_sections/4.1_35_cross_sections.csv,CSV
04_河道断面提取,4.1_36_cross_sections.csv,step_04_cross_sections/4.1_36_cross_sections.csv,CSV
04_河道断面提取,4.1_37_cross_sections.csv,step_04_cross_sections/4.1_37_cross_sections.csv,CSV
04_河道断面提取,4.1_38_cross_sections.csv,step_04_cross_sections/4.1_38_cross_sections.csv,CSV
04_河道断面提取,4.1_39_cross_sections.csv,step_04_cross_sections/4.1_39_cross_sections.csv,CSV
04_河道断面提取,4.1_42_cross_sections.csv,step_04_cross_sections/4.1_42_cross_sections.csv,CSV
04_河道断面提取,4.1_44_cross_sections.csv,step_04_cross_sections/4.1_44_cross_sections.csv,CSV
04_河道断面提取,4.1_45_cross_sections.csv,step_04_cross_sections/4.1_45_cross_sections.csv,CSV
04_河道断面提取,4.1_46_cross_sections.csv,step_04_cross_sections/4.1_46_cross_sections.csv,CSV
04_河道断面提取,4.1_26_cross_sections.csv,step_04_cross_sections/4.1_26_cross_sections.csv,CSV
04_河道断面提取,4.1_33_cross_sections.csv,step_04_cross_sections/4.1_33_cross_sections.csv,CSV
04_河道断面提取,4.1_48_cross_sections.csv,step_04_cross_sections/4.1_48_cross_sections.csv,CSV
04_河道断面提取,4.1_49_cross_sections.csv,step_04_cross_sections/4.1_49_cross_sections.csv,CSV
04_河道断面提取,4.1_21_cross_sections.csv,step_04_cross_sections/4.1_21_cross_sections.csv,CSV
04_河道断面提取,4.1_23_cross_sections.csv,step_04_cross_sections/4.1_23_cross_sections.csv,CSV
04_河道断面提取,4.1_25_cross_sections.csv,step_04_cross_sections/4.1_25_cross_sections.csv,CSV
04_河道断面提取,4.1_29_cross_sections.csv,step_04_cross_sections/4.1_29_cross_sections.csv,CSV
04_河道断面提取,4.1_31_cross_sections.csv,step_04_cross_sections/4.1_31_cross_sections.csv,CSV
04_河道断面提取,4.1_34_cross_sections.csv,step_04_cross_sections/4.1_34_cross_sections.csv,CSV
04_河道断面提取,4.1_56_cross_sections.csv,step_04_cross_sections/4.1_56_cross_sections.csv,CSV
04_河道断面提取,4.1_45_cross_sections.csv,step_04_cross_sections/4.1_45_cross_sections.csv,CSV
04_河道断面提取,4.1_14_cross_sections.csv,step_04_cross_sections/4.1_14_cross_sections.csv,CSV
04_河道断面提取,4.1_17_cross_sections.csv,step_04_cross_sections/4.1_17_cross_sections.csv,CSV
04_河道断面提取,4.1_60_cross_sections.csv,step_04_cross_sections/4.1_60_cross_sections.csv,CSV
04_河道断面提取,4.1_24_cross_sections.csv,step_04_cross_sections/4.1_24_cross_sections.csv,CSV
04_河道断面提取,4.1_28_cross_sections.csv,step_04_cross_sections/4.1_28_cross_sections.csv,CSV
04_河道断面提取,4.1_40_cross_sections.csv,step_04_cross_sections/4.1_40_cross_sections.csv,CSV
04_河道断面提取,4.1_53_cross_sections.csv,step_04_cross_sections/4.1_53_cross_sections.csv,CSV
04_河道断面提取,4.1_54_cross_sections.csv,step_04_cross_sections/4.1_54_cross_sections.csv,CSV
04_河道断面提取,4.1_57_cross_sections.csv,step_04_cross_sections/4.1_57_cross_sections.csv,CSV
04_河道断面提取,4.1_58_cross_sections.csv,step_04_cross_sections/4.1_58_cross_sections.csv,CSV
04_河道断面提取,4.1_36_cross_sections.csv,step_04_cross_sections/4.1_36_cross_sections.csv,CSV
04_河道断面提取,4.1_46_cross_sections.csv,step_04_cross_sections/4.1_46_cross_sections.csv,CSV
04_河道断面提取,4.1_13_cross_sections.csv,step_04_cross_sections/4.1_13_cross_sections.csv,CSV
04_河道断面提取,4.1_55_cross_sections.csv,step_04_cross_sections/4.1_55_cross_sections.csv,CSV
04_河道断面提取,4.1_58_cross_sections.csv,step_04_cross_sections/4.1_58_cross_sections.csv,CSV
04_河道断面提取,4.1_75_cross_sections.csv,step_04_cross_sections/4.1_75_cross_sections.csv,CSV
04_河道断面提取,4.1_23_cross_sections.csv,step_04_cross_sections/4.1_23_cross_sections.csv,CSV
04_河道断面提取,4.1_27_cross_sections.csv,step_04_cross_sections/4.1_27_cross_sections.csv,CSV
04_河道断面提取,4.1_32_cross_sections.csv,step_04_cross_sections/4.1_32_cross_sections.csv,CSV
04_河道断面提取,4.1_47_cross_sections.csv,step_04_cross_sections/4.1_47_cross_sections.csv,CSV
04_河道断面提取,4.1_35_cross_sections.csv,step_04_cross_sections/4.1_35_cross_sections.csv,CSV
04_河道断面提取,4.1_37_cross_sections.csv,step_04_cross_sections/4.1_37_cross_sections.csv,CSV
04_河道断面提取,4.1_38_cross_sections.csv,step_04_cross_sections/4.1_38_cross_sections.csv,CSV
04_河道断面提取,4.1_41_cross_sections.csv,step_04_cross_sections/4.1_41_cross_sections.csv,CSV
04_河道断面提取,4.1_42_cross_sections.csv,step_04_cross_sections/4.1_42_cross_sections.csv,CSV
04_河道断面提取,4.1_12_cross_sections.csv,step_04_cross_sections/4.1_12_cross_sections.csv,CSV
04_河道断面提取,4.1_16_cross_sections.csv,step_04_cross_sections/4.1_16_cross_sections.csv,CSV
04_河道断面提取,4.1_19_cross_sections.csv,step_04_cross_sections/4.1_19_cross_sections.csv,CSV
04_河道断面提取,4.1_20_cross_sections.csv,step_04_cross_sections/4.1_20_cross_sections.csv,CSV
04_河道断面提取,4.1_22_cross_sections.csv,step_04_cross_sections/4.1_22_cross_sections.csv,CSV
04_河道断面提取,4.1_53_cross_sections.csv,step_04_cross_sections/4.1_53_cross_sections.csv,CSV
04_河道断面提取,4.1_66_cross_sections.csv,step_04_cross_sections/4.1_66_cross_sections.csv,CSV
04_河道断面提取,4.1_68_cross_sections.csv,step_04_cross_sections/4.1_68_cross_sections.csv,CSV
04_河道断面提取,4.1_69_cross_sections.csv,step_04_cross_sections/4.1_69_cross_sections.csv,CSV
04_河道断面提取,4.1_22_cross_sections.csv,step_04_cross_sections/4.1_22_cross_sections.csv,CSV
04_河道断面提取,4.1_43_cross_sections.csv,step_04_cross_sections/4.1_43_cross_sections.csv,CSV
04_河道断面提取,4.1_52_cross_sections.csv,step_04_cross_sections/4.1_52_cross_sections.csv,CSV
04_河道断面提取,4.1_33_cross_sections.csv,step_04_cross_sections/4.1_33_cross_sections.csv,CSV
04_河道断面提取,4.1_39_cross_sections.csv,step_04_cross_sections/4.1_39_cross_sections.csv,CSV
04_河道断面提取,4.1_43_cross_sections.csv,step_04_cross_sections/4.1_43_cross_sections.csv,CSV
04_河道断面提取,4.1_11_cross_sections.csv,step_04_cross_sections/4.1_11_cross_sections.csv,CSV
04_河道断面提取,4.1_15_cross_sections.csv,step_04_cross_sections/4.1_15_cross_sections.csv,CSV
04_河道断面提取,4.1_18_cross_sections.csv,step_04_cross_sections/4.1_18_cross_sections.csv,CSV
04_河道断面提取,4.1_52_cross_sections.csv,step_04_cross_sections/4.1_52_cross_sections.csv,CSV
04_河道断面提取,4.1_56_cross_sections.csv,step_04_cross_sections/4.1_56_cross_sections.csv,CSV
04_河道断面提取,4.1_21_cross_sections.csv,step_04_cross_sections/4.1_21_cross_sections.csv,CSV
04_河道断面提取,4.1_30_cross_sections.csv,step_04_cross_sections/4.1_30_cross_sections.csv,CSV
04_河道断面提取,4.1_51_cross_sections.csv,step_04_cross_sections/4.1_51_cross_sections.csv,CSV
04_河道断面提取,4.1_59_cross_sections.csv,step_04_cross_sections/4.1_59_cross_sections.csv,CSV
04_河道断面提取,4.1_32_cross_sections.csv,step_04_cross_sections/4.1_32_cross_sections.csv,CSV
04_河道断面提取,4.1_34_cross_sections.csv,step_04_cross_sections/4.1_34_cross_sections.csv,CSV
04_河道断面提取,4.1_40_cross_sections.csv,step_04_cross_sections/4.1_40_cross_sections.csv,CSV
04_河道断面提取,4.1_10_cross_sections.csv,step_04_cross_sections/4.1_10_cross_sections.csv,CSV
04_河道断面提取,4.1_51_cross_sections.csv,step_04_cross_sections/4.1_51_cross_sections.csv,CSV
04_河道断面提取,4.1_54_cross_sections.csv,step_04_cross_sections/4.1_54_cross_sections.csv,CSV
04_河道断面提取,4.1_20_cross_sections.csv,step_04_cross_sections/4.1_20_cross_sections.csv,CSV
04_河道断面提取,4.1_31_cross_sections.csv,step_04_cross_sections/4.1_31_cross_sections.csv,CSV
04_河道断面提取,4.1_44_cross_sections.csv,step_04_cross_sections/4.1_44_cross_sections.csv,CSV
04_河道断面提取,4.1_47_cross_sections.csv,step_04_cross_sections/4.1_47_cross_sections.csv,CSV
04_河道断面提取,4.1_45_cross_sections.csv,step_04_cross_sections/4.1_45_cross_sections.csv,CSV
04_河道断面提取,4.1_50_cross_sections.csv,step_04_cross_sections/4.1_50_cross_sections.csv,CSV
04_河道断面提取,4.1_65_cross_sections.csv,step_04_cross_sections/4.1_65_cross_sections.csv,CSV
04_河道断面提取,4.1_72_cross_sections.csv,step_04_cross_sections/4.1_72_cross_sections.csv,CSV
04_河道断面提取,4.1_73_cross_sections.csv,step_04_cross_sections/4.1_73_cross_sections.csv,CSV
04_河道断面提取,4.1_76_cross_sections.csv,step_04_cross_sections/4.1_76_cross_sections.csv,CSV
04_河道断面提取,4.1_77_cross_sections.csv,step_04_cross_sections/4.1_77_cross_sections.csv,CSV
04_河道断面提取,4.1_30_cross_sections.csv,step_04_cross_sections/4.1_30_cross_sections.csv,CSV
04_河道断面提取,4.1_44_cross_sections.csv,step_04_cross_sections/4.1_44_cross_sections.csv,CSV
04_河道断面提取,4.1_49_cross_sections.csv,step_04_cross_sections/4.1_49_cross_sections.csv,CSV
04_河道断面提取,4.1_57_cross_sections.csv,step_04_cross_sections/4.1_57_cross_sections.csv,CSV
04_河道断面提取,4.1_59_cross_sections.csv,step_04_cross_sections/4.1_59_cross_sections.csv,CSV
04_河道断面提取,4.1_62_cross_sections.csv,step_04_cross_sections/4.1_62_cross_sections.csv,CSV
04_河道断面提取,4.1_43_cross_sections.csv,step_04_cross_sections/4.1_43_cross_sections.csv,CSV
04_河道断面提取,4.1_48_cross_sections.csv,step_04_cross_sections/4.1_48_cross_sections.csv,CSV
04_河道断面提取,4.1_71_cross_sections.csv,step_04_cross_sections/4.1_71_cross_sections.csv,CSV
04_河道断面提取,4.1_74_cross_sections.csv,step_04_cross_sections/4.1_74_cross_sections.csv,CSV
04_河道断面提取,4.1_82_cross_sections.csv,step_04_cross_sections/4.1_82_cross_sections.csv,CSV
04_河道断面提取,4.1_42_cross_sections.csv,step_04_cross_sections/4.1_42_cross_sections.csv,CSV
04_河道断面提取,4.1_47_cross_sections.csv,step_04_cross_sections/4.1_47_cross_sections.csv,CSV
04_河道断面提取,4.1_67_cross_sections.csv,step_04_cross_sections/4.1_67_cross_sections.csv,CSV
04_河道断面提取,4.1_79_cross_sections.csv,step_04_cross_sections/4.1_79_cross_sections.csv,CSV
04_河道断面提取,4.1_41_cross_sections.csv,step_04_cross_sections/4.1_41_cross_sections.csv,CSV
04_河道断面提取,4.1_46_cross_sections.csv,step_04_cross_sections/4.1_46_cross_sections.csv,CSV
04_河道断面提取,4.1_61_cross_sections.csv,step_04_cross_sections/4.1_61_cross_sections.csv,CSV
04_河道断面提取,4.1_63_cross_sections.csv,step_04_cross_sections/4.1_63_cross_sections.csv,CSV
04_河道断面提取,4.1_64_cross_sections.csv,step_04_cross_sections/4.1_64_cross_sections.csv,CSV
04_河道断面提取,4.1_70_cross_sections.csv,step_04_cross_sections/4.1_70_cross_sections.csv,CSV
04_河道断面提取,4.1_58_cross_sections.csv,step_04_cross_sections/4.1_58_cross_sections.csv,CSV
04_河道断面提取,4.1_61_cross_sections.csv,step_04_cross_sections/4.1_61_cross_sections.csv,CSV
04_河道断面提取,4.1_64_cross_sections.csv,step_04_cross_sections/4.1_64_cross_sections.csv,CSV
04_河道断面提取,4.1_74_cross_sections.csv,step_04_cross_sections/4.1_74_cross_sections.csv,CSV
04_河道断面提取,4.1_83_cross_sections.csv,step_04_cross_sections/4.1_83_cross_sections.csv,CSV
04_河道断面提取,4.1_40_cross_sections.csv,step_04_cross_sections/4.1_40_cross_sections.csv,CSV
04_河道断面提取,4.1_55_cross_sections.csv,step_04_cross_sections/4.1_55_cross_sections.csv,CSV
04_河道断面提取,4.1_56_cross_sections.csv,step_04_cross_sections/4.1_56_cross_sections.csv,CSV
04_河道断面提取,4.1_65_cross_sections.csv,step_04_cross_sections/4.1_65_cross_sections.csv,CSV
04_河道断面提取,4.1_71_cross_sections.csv,step_04_cross_sections/4.1_71_cross_sections.csv,CSV
04_河道断面提取,4.1_72_cross_sections.csv,step_04_cross_sections/4.1_72_cross_sections.csv,CSV
04_河道断面提取,4.1_54_cross_sections.csv,step_04_cross_sections/4.1_54_cross_sections.csv,CSV
04_河道断面提取,4.1_63_cross_sections.csv,step_04_cross_sections/4.1_63_cross_sections.csv,CSV
04_河道断面提取,4.1_70_cross_sections.csv,step_04_cross_sections/4.1_70_cross_sections.csv,CSV
04_河道断面提取,4.1_86_cross_sections.csv,step_04_cross_sections/4.1_86_cross_sections.csv,CSV
04_河道断面提取,4.1_88_cross_sections.csv,step_04_cross_sections/4.1_88_cross_sections.csv,CSV
04_河道断面提取,4.1_53_cross_sections.csv,step_04_cross_sections/4.1_53_cross_sections.csv,CSV
04_河道断面提取,4.1_57_cross_sections.csv,step_04_cross_sections/4.1_57_cross_sections.csv,CSV
04_河道断面提取,4.1_60_cross_sections.csv,step_04_cross_sections/4.1_60_cross_sections.csv,CSV
04_河道断面提取,4.1_69_cross_sections.csv,step_04_cross_sections/4.1_69_cross_sections.csv,CSV
04_河道断面提取,4.1_81_cross_sections.csv,step_04_cross_sections/4.1_81_cross_sections.csv,CSV
04_河道断面提取,4.1_52_cross_sections.csv,step_04_cross_sections/4.1_52_cross_sections.csv,CSV
04_河道断面提取,4.1_62_cross_sections.csv,step_04_cross_sections/4.1_62_cross_sections.csv,CSV
04_河道断面提取,4.1_68_cross_sections.csv,step_04_cross_sections/4.1_68_cross_sections.csv,CSV
04_河道断面提取,4.1_77_cross_sections.csv,step_04_cross_sections/4.1_77_cross_sections.csv,CSV
04_河道断面提取,4.1_51_cross_sections.csv,step_04_cross_sections/4.1_51_cross_sections.csv,CSV
04_河道断面提取,4.1_59_cross_sections.csv,step_04_cross_sections/4.1_59_cross_sections.csv,CSV
04_河道断面提取,4.1_66_cross_sections.csv,step_04_cross_sections/4.1_66_cross_sections.csv,CSV
04_河道断面提取,4.1_67_cross_sections.csv,step_04_cross_sections/4.1_67_cross_sections.csv,CSV
04_河道断面提取,4.1_90_cross_sections.csv,step_04_cross_sections/4.1_90_cross_sections.csv,CSV
04_河道断面提取,4.1_50_cross_sections.csv,step_04_cross_sections/4.1_50_cross_sections.csv,CSV
04_河道断面提取,4.1_66_cross_sections.csv,step_04_cross_sections/4.1_66_cross_sections.csv,CSV
04_河道断面提取,4.1_65_cross_sections.csv,step_04_cross_sections/4.1_65_cross_sections.csv,CSV
04_河道断面提取,4.1_84_cross_sections.csv,step_04_cross_sections/4.1_84_cross_sections.csv,CSV
04_河道断面提取,4.1_64_cross_sections.csv,step_04_cross_sections/4.1_64_cross_sections.csv,CSV
04_河道断面提取,4.1_75_cross_sections.csv,step_04_cross_sections/4.1_75_cross_sections.csv,CSV
04_河道断面提取,4.1_63_cross_sections.csv,step_04_cross_sections/4.1_63_cross_sections.csv,CSV
04_河道断面提取,4.1_73_cross_sections.csv,step_04_cross_sections/4.1_73_cross_sections.csv,CSV
04_河道断面提取,4.1_85_cross_sections.csv,step_04_cross_sections/4.1_85_cross_sections.csv,CSV
04_河道断面提取,4.1_89_cross_sections.csv,step_04_cross_sections/4.1_89_cross_sections.csv,CSV
04_河道断面提取,4.1_62_cross_sections.csv,step_04_cross_sections/4.1_62_cross_sections.csv,CSV
04_河道断面提取,4.1_78_cross_sections.csv,step_04_cross_sections/4.1_78_cross_sections.csv,CSV
04_河道断面提取,4.1_61_cross_sections.csv,step_04_cross_sections/4.1_61_cross_sections.csv,CSV
04_河道断面提取,4.1_76_cross_sections.csv,step_04_cross_sections/4.1_76_cross_sections.csv,CSV
04_河道断面提取,4.1_80_cross_sections.csv,step_04_cross_sections/4.1_80_cross_sections.csv,CSV
04_河道断面提取,4.1_87_cross_sections.csv,step_04_cross_sections/4.1_87_cross_sections.csv,CSV
04_河道断面提取,4.1_60_cross_sections.csv,step_04_cross_sections/4.1_60_cross_sections.csv,CSV
06_07_08_雨量处理,6.1_rain_gauge_forcing.csv,step_06_rain_series/6.1_rain_gauge_forcing.csv,CSV
06_07_08_雨量处理,7.1_thiessen_polygons.geojson,step_07_thiessen/7.1_thiessen_polygons.geojson,GEOJSON
06_07_08_雨量处理,7.2_gauge_locations.geojson,step_07_thiessen/7.2_gauge_locations.geojson,GEOJSON
06_07_08_雨量处理,8.1_parameter_areal_precipitation.csv,step_08_areal_rainfall/8.1_parameter_areal_precipitation.csv,CSV
06_07_08_雨量处理,8.2_subbasin_areal_precipitation.csv,step_08_areal_rainfall/8.2_subbasin_areal_precipitation.csv,CSV
06_07_08_雨量处理,8.3_basin_average_precipitation.csv,step_08_areal_rainfall/8.3_basin_average_precipitation.csv,CSV
06_07_08_雨量处理,6.2_gauge_timeseries_sample.png,step_06_rain_series/6.2_gauge_timeseries_sample.png,PNG
06_07_08_雨量处理,8.4_subbasin_precipitation_hyetograph.png,step_08_areal_rainfall/8.4_subbasin_precipitation_hyetograph.png,PNG
06_07_08_雨量处理,8.5_basin_precipitation_hyetograph.png,step_08_areal_rainfall/8.5_basin_precipitation_hyetograph.png,PNG
09_10_水文水动力模拟,10.1_discharge_timeseries.csv,step_10_routing/10.1_discharge_timeseries.csv,CSV
09_10_水文水动力模拟,10.2_discharge_statistics.csv,step_10_routing/10.2_discharge_statistics.csv,CSV
09_10_水文水动力模拟,10.3_discharge_hydrographs.png,step_10_routing/10.3_discharge_hydrographs.png,PNG
